id,firstname,lastname,email,phone,profession
0,Kristina,Wadell,Kristina.Wadell@yopmail.com,872,developer
1,Mellicent,Dorine,Mellicent.Dorine@yopmail.com,114,developer
2,Jere,Meli,Jere.Meli@yopmail.com,523,developer
3,Melina,Astra,Melina.Astra@yopmail.com,838,police officer
4,Minda,Linskey,Minda.Linskey@yopmail.com,457,doctor
5,Lesly,Teddman,Lesly.Teddman@yopmail.com,424,developer
6,Calla,Giule,Calla.Giule@yopmail.com,406,worker
7,Julieta,Armanda,Julieta.Armanda@yopmail.com,807,police officer
8,Thalia,Kellby,Thalia.Kellby@yopmail.com,477,firefighter
9,Betta,Minetta,Betta.Minetta@yopmail.com,637,firefighter
10,Maridel,Beebe,Maridel.Beebe@yopmail.com,671,worker